ticker,bloomberg_ticker,market,exchange_code,eod_code,pump_ease
LPKR,LPKR IJ Equity,Indonesia,JK,LPKR.JK,VERY_HIGH
BBKP,BBKP IJ Equity,Indonesia,JK,BBKP.JK,VERY_HIGH
SGRO,SGRO IJ Equity,Indonesia,JK,SGRO.JK,VERY_HIGH
KPIG,KPIG IJ Equity,Indonesia,JK,KPIG.JK,VERY_HIGH
BKSL,BKSL IJ Equity,Indonesia,JK,BKSL.JK,VERY_HIGH
TMAS,TMAS IJ Equity,Indonesia,JK,TMAS.JK,VERY_HIGH
BUKA,BUKA IJ Equity,Indonesia,JK,BUKA.JK,VERY_HIGH
KRAS,KRAS IJ Equity,Indonesia,JK,KRAS.JK,VERY_HIGH
DMAS,DMAS IJ Equity,Indonesia,JK,DMAS.JK,VERY_HIGH
PBSA,PBSA IJ Equity,Indonesia,JK,PBSA.JK,VERY_HIGH
BIPI,BIPI IJ Equity,Indonesia,JK,BIPI.JK,VERY_HIGH
MAYA,MAYA IJ Equity,Indonesia,JK,MAYA.JK,VERY_HIGH
PNLF,PNLF IJ Equity,Indonesia,JK,PNLF.JK,VERY_HIGH
BANK,BANK IJ Equity,Indonesia,JK,BANK.JK,VERY_HIGH
DATA,DATA IJ Equity,Indonesia,JK,DATA.JK,VERY_HIGH
MIDI,MIDI IJ Equity,Indonesia,JK,MIDI.JK,VERY_HIGH
SMDR,SMDR IJ Equity,Indonesia,JK,SMDR.JK,VERY_HIGH
DAAZ,DAAZ IJ Equity,Indonesia,JK,DAAZ.JK,VERY_HIGH
PWON,PWON IJ Equity,Indonesia,JK,PWON.JK,VERY_HIGH
MSIN,MSIN IJ Equity,Indonesia,JK,MSIN.JK,VERY_HIGH
SIDO,SIDO IJ Equity,Indonesia,JK,SIDO.JK,VERY_HIGH
ACES,ACES IJ Equity,Indonesia,JK,ACES.JK,VERY_HIGH
ELPI,ELPI IJ Equity,Indonesia,JK,ELPI.JK,VERY_HIGH
SMRA,SMRA IJ Equity,Indonesia,JK,SMRA.JK,VERY_HIGH
NICL,NICL IJ Equity,Indonesia,JK,NICL.JK,VERY_HIGH
CYBR,CYBR IJ Equity,Indonesia,JK,CYBR.JK,VERY_HIGH
TOBA,TOBA IJ Equity,Indonesia,JK,TOBA.JK,VERY_HIGH
INET,INET IJ Equity,Indonesia,JK,INET.JK,VERY_HIGH
CLEO,CLEO IJ Equity,Indonesia,JK,CLEO.JK,VERY_HIGH
UDNG,UDNG IJ Equity,Indonesia,JK,UDNG.JK,VERY_HIGH
SIMP,SIMP IJ Equity,Indonesia,JK,SIMP.JK,VERY_HIGH
BJTM,BJTM IJ Equity,Indonesia,JK,BJTM.JK,VERY_HIGH
AVIA,AVIA IJ Equity,Indonesia,JK,AVIA.JK,VERY_HIGH
RMKE,RMKE IJ Equity,Indonesia,JK,RMKE.JK,VERY_HIGH
CMNT,CMNT IJ Equity,Indonesia,JK,CMNT.JK,VERY_HIGH
MTDL,MTDL IJ Equity,Indonesia,JK,MTDL.JK,VERY_HIGH
BULL,BULL IJ Equity,Indonesia,JK,BULL.JK,VERY_HIGH
UANG,UANG IJ Equity,Indonesia,JK,UANG.JK,VERY_HIGH
APIC,APIC IJ Equity,Indonesia,JK,APIC.JK,VERY_HIGH
TOWR,TOWR IJ Equity,Indonesia,JK,TOWR.JK,VERY_HIGH
CARE,CARE IJ Equity,Indonesia,JK,CARE.JK,VERY_HIGH
SGER,SGER IJ Equity,Indonesia,JK,SGER.JK,VERY_HIGH
DEWA,DEWA IJ Equity,Indonesia,JK,DEWA.JK,VERY_HIGH
MTEL,MTEL IJ Equity,Indonesia,JK,MTEL.JK,VERY_HIGH
BJBR,BJBR IJ Equity,Indonesia,JK,BJBR.JK,VERY_HIGH
ERAA,ERAA IJ Equity,Indonesia,JK,ERAA.JK,VERY_HIGH
COIN,COIN IJ Equity,Indonesia,JK,COIN.JK,VERY_HIGH
EMTK,EMTK IJ Equity,Indonesia,JK,EMTK.JK,VERY_HIGH
POWR,POWR IJ Equity,Indonesia,JK,POWR.JK,VERY_HIGH
ALII,ALII IJ Equity,Indonesia,JK,ALII.JK,VERY_HIGH
MBMA,MBMA IJ Equity,Indonesia,JK,MBMA.JK,VERY_HIGH
BSDE,BSDE IJ Equity,Indonesia,JK,BSDE.JK,VERY_HIGH
CTRA,CTRA IJ Equity,Indonesia,JK,CTRA.JK,VERY_HIGH
HRUM,HRUM IJ Equity,Indonesia,JK,HRUM.JK,VERY_HIGH
RAJA,RAJA IJ Equity,Indonesia,JK,RAJA.JK,VERY_HIGH
HEAL,HEAL IJ Equity,Indonesia,JK,HEAL.JK,VERY_HIGH
BTPS,BTPS IJ Equity,Indonesia,JK,BTPS.JK,VERY_HIGH
MAPA,MAPA IJ Equity,Indonesia,JK,MAPA.JK,VERY_HIGH
ABMM,ABMM IJ Equity,Indonesia,JK,ABMM.JK,VERY_HIGH
ESSA,ESSA IJ Equity,Indonesia,JK,ESSA.JK,VERY_HIGH
PNBN,PNBN IJ Equity,Indonesia,JK,PNBN.JK,VERY_HIGH
BUVA,BUVA IJ Equity,Indonesia,JK,BUVA.JK,VERY_HIGH
SSMS,SSMS IJ Equity,Indonesia,JK,SSMS.JK,VERY_HIGH
FILM,FILM IJ Equity,Indonesia,JK,FILM.JK,VERY_HIGH
NSSS,NSSS IJ Equity,Indonesia,JK,NSSS.JK,VERY_HIGH
KLBF,KLBF IJ Equity,Indonesia,JK,KLBF.JK,VERY_HIGH
PGEO,PGEO IJ Equity,Indonesia,JK,PGEO.JK,VERY_HIGH
BFIN,BFIN IJ Equity,Indonesia,JK,BFIN.JK,VERY_HIGH
ARTO,ARTO IJ Equity,Indonesia,JK,ARTO.JK,VERY_HIGH
STAA,STAA IJ Equity,Indonesia,JK,STAA.JK,VERY_HIGH
NISP,NISP IJ Equity,Indonesia,JK,NISP.JK,VERY_HIGH
VKTR,VKTR IJ Equity,Indonesia,JK,VKTR.JK,VERY_HIGH
SRTG,SRTG IJ Equity,Indonesia,JK,SRTG.JK,VERY_HIGH
NCKL,NCKL IJ Equity,Indonesia,JK,NCKL.JK,VERY_HIGH
TCPI,TCPI IJ Equity,Indonesia,JK,TCPI.JK,VERY_HIGH
CUAN,CUAN IJ Equity,Indonesia,JK,CUAN.JK,VERY_HIGH
ARCI,ARCI IJ Equity,Indonesia,JK,ARCI.JK,VERY_HIGH
BBTN,BBTN IJ Equity,Indonesia,JK,BBTN.JK,VERY_HIGH
SMSM,SMSM IJ Equity,Indonesia,JK,SMSM.JK,VERY_HIGH
HRTA,HRTA IJ Equity,Indonesia,JK,HRTA.JK,VERY_HIGH
DSNG,DSNG IJ Equity,Indonesia,JK,DSNG.JK,VERY_HIGH
MYOR,MYOR IJ Equity,Indonesia,JK,MYOR.JK,VERY_HIGH
LSIP,LSIP IJ Equity,Indonesia,JK,LSIP.JK,VERY_HIGH
AUTO,AUTO IJ Equity,Indonesia,JK,AUTO.JK,VERY_HIGH
CBDK,CBDK IJ Equity,Indonesia,JK,CBDK.JK,VERY_HIGH
AKRA,AKRA IJ Equity,Indonesia,JK,AKRA.JK,VERY_HIGH
MEDC,MEDC IJ Equity,Indonesia,JK,MEDC.JK,VERY_HIGH
SSIA,SSIA IJ Equity,Indonesia,JK,SSIA.JK,VERY_HIGH
WIFI,WIFI IJ Equity,Indonesia,JK,WIFI.JK,VERY_HIGH
MAPI,MAPI IJ Equity,Indonesia,JK,MAPI.JK,VERY_HIGH
SMGR,SMGR IJ Equity,Indonesia,JK,SMGR.JK,VERY_HIGH
ADMR,ADMR IJ Equity,Indonesia,JK,ADMR.JK,VERY_HIGH
UNVR,UNVR IJ Equity,Indonesia,JK,UNVR.JK,VERY_HIGH
BRIS,BRIS IJ Equity,Indonesia,JK,BRIS.JK,VERY_HIGH
PGAS,PGAS IJ Equity,Indonesia,JK,PGAS.JK,VERY_HIGH
IMPC,IMPC IJ Equity,Indonesia,JK,IMPC.JK,VERY_HIGH
INDY,INDY IJ Equity,Indonesia,JK,INDY.JK,VERY_HIGH
MIKA,MIKA IJ Equity,Indonesia,JK,MIKA.JK,VERY_HIGH
JARR,JARR IJ Equity,Indonesia,JK,JARR.JK,VERY_HIGH
TAPG,TAPG IJ Equity,Indonesia,JK,TAPG.JK,VERY_HIGH
RATU,RATU IJ Equity,Indonesia,JK,RATU.JK,VERY_HIGH
TPIA,TPIA IJ Equity,Indonesia,JK,TPIA.JK,VERY_HIGH
ARKO,ARKO IJ Equity,Indonesia,JK,ARKO.JK,VERY_HIGH
JSMR,JSMR IJ Equity,Indonesia,JK,JSMR.JK,VERY_HIGH
JPFA,JPFA IJ Equity,Indonesia,JK,JPFA.JK,VERY_HIGH
AALI,AALI IJ Equity,Indonesia,JK,AALI.JK,VERY_HIGH
ISAT,ISAT IJ Equity,Indonesia,JK,ISAT.JK,VERY_HIGH
PTBA,PTBA IJ Equity,Indonesia,JK,PTBA.JK,VERY_HIGH
CMRY,CMRY IJ Equity,Indonesia,JK,CMRY.JK,VERY_HIGH
ADRO,ADRO IJ Equity,Indonesia,JK,ADRO.JK,VERY_HIGH
INTP,INTP IJ Equity,Indonesia,JK,INTP.JK,VERY_HIGH
TINS,TINS IJ Equity,Indonesia,JK,TINS.JK,VERY_HIGH
INCO,INCO IJ Equity,Indonesia,JK,INCO.JK,VERY_HIGH
TKIM,TKIM IJ Equity,Indonesia,JK,TKIM.JK,VERY_HIGH
PTRO,PTRO IJ Equity,Indonesia,JK,PTRO.JK,VERY_HIGH
PANI,PANI IJ Equity,Indonesia,JK,PANI.JK,VERY_HIGH
ICBP,ICBP IJ Equity,Indonesia,JK,ICBP.JK,VERY_HIGH
GGRM,GGRM IJ Equity,Indonesia,JK,GGRM.JK,VERY_HIGH
INKP,INKP IJ Equity,Indonesia,JK,INKP.JK,VERY_HIGH
ITMG,ITMG IJ Equity,Indonesia,JK,ITMG.JK,VERY_HIGH
ACE,ACE TB Equity,Thailand,BK,ACE.BK,MEDIUM_HIGH
JAS,JAS TB Equity,Thailand,BK,JAS.BK,MEDIUM_HIGH
TPIPL,TPIPL TB Equity,Thailand,BK,TPIPL.BK,MEDIUM_HIGH
AAV,AAV TB Equity,Thailand,BK,AAV.BK,MEDIUM_HIGH
LHFG,LHFG TB Equity,Thailand,BK,LHFG.BK,MEDIUM_HIGH
VGI,VGI TB Equity,Thailand,BK,VGI.BK,MEDIUM_HIGH
THANI,THANI TB Equity,Thailand,BK,THANI.BK,MEDIUM_HIGH
TPIPP,TPIPP TB Equity,Thailand,BK,TPIPP.BK,MEDIUM_HIGH
AAI,AAI TB Equity,Thailand,BK,AAI.BK,MEDIUM_HIGH
SYNEX,SYNEX TB Equity,Thailand,BK,SYNEX.BK,MEDIUM_HIGH
QH,QH TB Equity,Thailand,BK,QH.BK,MEDIUM_HIGH
CHG,CHG TB Equity,Thailand,BK,CHG.BK,MEDIUM_HIGH
CKP,CKP TB Equity,Thailand,BK,CKP.BK,MEDIUM_HIGH
SIRI,SIRI TB Equity,Thailand,BK,SIRI.BK,MEDIUM_HIGH
PSGC,PSGC TB Equity,Thailand,BK,PSGC.BK,MEDIUM_HIGH
DOHOME,DOHOME TB Equity,Thailand,BK,DOHOME.BK,MEDIUM_HIGH
COCOCO,COCOCO TB Equity,Thailand,BK,COCOCO.BK,MEDIUM_HIGH
ROJNA,ROJNA TB Equity,Thailand,BK,ROJNA.BK,MEDIUM_HIGH
BTS,BTS TB Equity,Thailand,BK,BTS.BK,MEDIUM_HIGH
STANLY,STANLY TB Equity,Thailand,BK,STANLY.BK,MEDIUM_HIGH
KAMART,KAMART TB Equity,Thailand,BK,KAMART.BK,MEDIUM_HIGH
EPG,EPG TB Equity,Thailand,BK,EPG.BK,MEDIUM_HIGH
SJWD,SJWD TB Equity,Thailand,BK,SJWD.BK,MEDIUM_HIGH
SISB,SISB TB Equity,Thailand,BK,SISB.BK,MEDIUM_HIGH
SAPPE,SAPPE TB Equity,Thailand,BK,SAPPE.BK,MEDIUM_HIGH
ERW,ERW TB Equity,Thailand,BK,ERW.BK,MEDIUM_HIGH
EA,EA TB Equity,Thailand,BK,EA.BK,MEDIUM_HIGH
MC,MC TB Equity,Thailand,BK,MC.BK,MEDIUM_HIGH
NER,NER TB Equity,Thailand,BK,NER.BK,MEDIUM_HIGH
IRPC,IRPC TB Equity,Thailand,BK,IRPC.BK,MEDIUM_HIGH
AWC,AWC TB Equity,Thailand,BK,AWC.BK,MEDIUM_HIGH
PRM,PRM TB Equity,Thailand,BK,PRM.BK,MEDIUM_HIGH
JMART,JMART TB Equity,Thailand,BK,JMART.BK,MEDIUM_HIGH
JTS,JTS TB Equity,Thailand,BK,JTS.BK,MEDIUM_HIGH
DMT,DMT TB Equity,Thailand,BK,DMT.BK,MEDIUM_HIGH
WHAUP,WHAUP TB Equity,Thailand,BK,WHAUP.BK,MEDIUM_HIGH
LH,LH TB Equity,Thailand,BK,LH.BK,MEDIUM_HIGH
BCPG,BCPG TB Equity,Thailand,BK,BCPG.BK,MEDIUM_HIGH
PTG,PTG TB Equity,Thailand,BK,PTG.BK,MEDIUM_HIGH
THCOM,THCOM TB Equity,Thailand,BK,THCOM.BK,MEDIUM_HIGH
RAM,RAM TB Equity,Thailand,BK,RAM.BK,MEDIUM_HIGH
MOSHI,MOSHI TB Equity,Thailand,BK,MOSHI.BK,MEDIUM_HIGH
PLANB,PLANB TB Equity,Thailand,BK,PLANB.BK,MEDIUM_HIGH
PSL,PSL TB Equity,Thailand,BK,PSL.BK,MEDIUM_HIGH
JMT,JMT TB Equity,Thailand,BK,JMT.BK,MEDIUM_HIGH
AURA,AURA TB Equity,Thailand,BK,AURA.BK,MEDIUM_HIGH
GUNKUL,GUNKUL TB Equity,Thailand,BK,GUNKUL.BK,MEDIUM_HIGH
M,M TB Equity,Thailand,BK,M.BK,MEDIUM_HIGH
STGT,STGT TB Equity,Thailand,BK,STGT.BK,MEDIUM_HIGH
UVAN,UVAN TB Equity,Thailand,BK,UVAN.BK,MEDIUM_HIGH
TOA,TOA TB Equity,Thailand,BK,TOA.BK,MEDIUM_HIGH
GFPT,GFPT TB Equity,Thailand,BK,GFPT.BK,MEDIUM_HIGH
GLOBAL,GLOBAL TB Equity,Thailand,BK,GLOBAL.BK,MEDIUM_HIGH
PR9,PR9 TB Equity,Thailand,BK,PR9.BK,MEDIUM_HIGH
BCH,BCH TB Equity,Thailand,BK,BCH.BK,MEDIUM_HIGH
HMPRO,HMPRO TB Equity,Thailand,BK,HMPRO.BK,MEDIUM_HIGH
AP,AP TB Equity,Thailand,BK,AP.BK,MEDIUM_HIGH
ITC,ITC TB Equity,Thailand,BK,ITC.BK,MEDIUM_HIGH
TTW,TTW TB Equity,Thailand,BK,TTW.BK,MEDIUM_HIGH
ICHI,ICHI TB Equity,Thailand,BK,ICHI.BK,MEDIUM_HIGH
TASCO,TASCO TB Equity,Thailand,BK,TASCO.BK,MEDIUM_HIGH
BJC,BJC TB Equity,Thailand,BK,BJC.BK,MEDIUM_HIGH
BA,BA TB Equity,Thailand,BK,BA.BK,MEDIUM_HIGH
SPALI,SPALI TB Equity,Thailand,BK,SPALI.BK,MEDIUM_HIGH
SCCC,SCCC TB Equity,Thailand,BK,SCCC.BK,MEDIUM_HIGH
TFG,TFG TB Equity,Thailand,BK,TFG.BK,MEDIUM_HIGH
TIPH,TIPH TB Equity,Thailand,BK,TIPH.BK,MEDIUM_HIGH
AEONTS,AEONTS TB Equity,Thailand,BK,AEONTS.BK,MEDIUM_HIGH
STECON,STECON TB Equity,Thailand,BK,STECON.BK,MEDIUM_HIGH
BGRIM,BGRIM TB Equity,Thailand,BK,BGRIM.BK,MEDIUM_HIGH
MEGA,MEGA TB Equity,Thailand,BK,MEGA.BK,MEDIUM_HIGH
SPRC,SPRC TB Equity,Thailand,BK,SPRC.BK,MEDIUM_HIGH
TLI,TLI TB Equity,Thailand,BK,TLI.BK,MEDIUM_HIGH
CK,CK TB Equity,Thailand,BK,CK.BK,MEDIUM_HIGH
CPAXT,CPAXT TB Equity,Thailand,BK,CPAXT.BK,MEDIUM_HIGH
TVO,TVO TB Equity,Thailand,BK,TVO.BK,MEDIUM_HIGH
TU,TU TB Equity,Thailand,BK,TU.BK,MEDIUM_HIGH
MBK,MBK TB Equity,Thailand,BK,MBK.BK,MEDIUM_HIGH
RCL,RCL TB Equity,Thailand,BK,RCL.BK,MEDIUM_HIGH
OR,OR TB Equity,Thailand,BK,OR.BK,MEDIUM_HIGH
STA,STA TB Equity,Thailand,BK,STA.BK,MEDIUM_HIGH
BTG,BTG TB Equity,Thailand,BK,BTG.BK,MEDIUM_HIGH
OSP,OSP TB Equity,Thailand,BK,OSP.BK,MEDIUM_HIGH
TIDLOR,TIDLOR TB Equity,Thailand,BK,TIDLOR.BK,MEDIUM_HIGH
SAWAD,SAWAD TB Equity,Thailand,BK,SAWAD.BK,MEDIUM_HIGH
MTC,MTC TB Equity,Thailand,BK,MTC.BK,MEDIUM_HIGH
BLA,BLA TB Equity,Thailand,BK,BLA.BK,MEDIUM_HIGH
AMATA,AMATA TB Equity,Thailand,BK,AMATA.BK,MEDIUM_HIGH
SCGP,SCGP TB Equity,Thailand,BK,SCGP.BK,MEDIUM_HIGH
CBG,CBG TB Equity,Thailand,BK,CBG.BK,MEDIUM_HIGH
COM7,COM7 TB Equity,Thailand,BK,COM7.BK,MEDIUM_HIGH
HANA,HANA TB Equity,Thailand,BK,HANA.BK,MEDIUM_HIGH
RATCH,RATCH TB Equity,Thailand,BK,RATCH.BK,MEDIUM_HIGH
GPSC,GPSC TB Equity,Thailand,BK,GPSC.BK,MEDIUM_HIGH
EGCO,EGCO TB Equity,Thailand,BK,EGCO.BK,MEDIUM_HIGH
